{
  "timestamp": "20260628_002012",
  "config": {
    "top_k": 10,
    "hybrid": true
  },
  "metrics": {
    "hit_rate_5": 0.4482758620689655,
    "hit_rate_10": 0.45977011494252873,
    "mrr": 0.42710727969348655,
    "precision_5": 0.08965517241379316,
    "avg_latency_ms": 1108.2880880640841,
    "total_queries": 87
  }
}