{
  "timestamp": "20260627_224331",
  "config": {
    "top_k": 10,
    "hybrid": true
  },
  "metrics": {
    "hit_rate_5": 0.3333333333333333,
    "hit_rate_10": 0.3333333333333333,
    "mrr": 0.3333333333333333,
    "precision_5": 0.06666666666666667,
    "avg_latency_ms": 3754.5437018076577,
    "total_queries": 3
  }
}