{
  "timestamp": "20260628_000552",
  "config": {
    "top_k": 10,
    "hybrid": true
  },
  "metrics": {
    "hit_rate_5": 0.3103448275862069,
    "hit_rate_10": 0.3218390804597701,
    "mrr": 0.2974137931034483,
    "precision_5": 0.062068965517241406,
    "avg_latency_ms": 1056.8194745600908,
    "total_queries": 87
  }
}