{
  "timestamp": "20260627_234936",
  "config": {
    "top_k": 10,
    "hybrid": true
  },
  "metrics": {
    "hit_rate_5": 0.27586206896551724,
    "hit_rate_10": 0.3218390804597701,
    "mrr": 0.2387566137566137,
    "precision_5": 0.05517241379310347,
    "avg_latency_ms": 275.93694610157235,
    "total_queries": 87
  }
}