{
  "timestamp": "20260628_001519",
  "config": {
    "top_k": 10,
    "hybrid": true
  },
  "metrics": {
    "hit_rate_5": 0.4482758620689655,
    "hit_rate_10": 0.45977011494252873,
    "mrr": 0.4276819923371647,
    "precision_5": 0.08965517241379316,
    "avg_latency_ms": 1059.9301984940453,
    "total_queries": 87
  }
}